StartDate,EndDate,Status,Progress,Duration (in seconds),Finished,ResponseId,RecipientEmail,ExternalReference,DistributionChannel,UserLanguage,Q1.1,Q3.1_1,Q3.1_2,Q3.1_3,Q3.1_4,Q3.1_5,Q3.1_6,Q3.1_7,Q3.1_8,Q3.1_9,Q3.1_10,Q5.1_1,Q5.1_2,Q5.1_3,Q5.1_4,Q5.1_5,Q5.1_6,Q5.2_1,Q5.2_2,Q5.2_3,Q5.2_4,Q5.2_5,Q5.2_6,Q5.3_1,Q5.3_2,Q5.3_3,Q5.3_4,Q5.3_5,Q5.3_6,Q5.4_1,Q5.4_2,Q5.4_3,Q5.4_4,Q5.4_5,Q5.4_6,Q5.5_1,Q5.5_2,Q5.5_3,Q5.5_4,Q5.5_5,Q5.5_6,Q5.6_1,Q5.6_2,Q5.6_3,Q5.6_4,Q5.6_5,Q5.6_6,Q5.7_1,Q5.7_2,Q5.7_3,Q5.7_4,Q5.7_5,Q5.7_6,Q5.8_1,Q5.8_2,Q5.8_3,Q5.8_4,Q5.8_5,Q5.8_6,Q5.9_1,Q5.9_2,Q5.9_3,Q5.9_4,Q5.9_5,Q5.9_6,Q5.10_1,Q5.10_2,Q5.10_3,Q5.10_4,Q5.10_5,Q5.10_6,Q5.11_1,Q5.11_2,Q5.11_3,Q5.11_4,Q5.11_5,Q5.11_6,Q5.12_1,Q5.12_2,Q5.12_3,Q5.12_4,Q5.12_5,Q5.12_6,Q5.13_1,Q5.13_2,Q5.13_3,Q5.13_4,Q5.13_5,Q5.13_6,Q5.14_1,Q5.14_2,Q5.14_3,Q5.14_4,Q5.14_5,Q5.14_6,Q5.15_1,Q5.15_2,Q5.15_3,Q5.15_4,Q5.15_5,Q5.15_6,Q5.16_1,Q5.16_2,Q5.16_3,Q5.16_4,Q5.16_5,Q5.16_6,Q5.17_1,Q5.17_2,Q5.17_3,Q5.17_4,Q5.17_5,Q5.17_6,Q5.18_1,Q5.18_2,Q5.18_3,Q5.18_4,Q5.18_5,Q5.18_6,Q5.19_1,Q5.19_2,Q5.19_3,Q5.19_4,Q5.19_5,Q5.19_6,Q5.20_1,Q5.20_2,Q5.20_3,Q5.20_4,Q5.20_5,Q5.20_6,Q5.21_1,Q5.21_2,Q5.21_3,Q5.21_4,Q5.21_5,Q5.21_6,Q5.22_1,Q5.22_2,Q5.22_3,Q5.22_4,Q5.22_5,Q5.22_6,Q5.23_1,Q5.23_2,Q5.23_3,Q5.23_4,Q5.23_5,Q5.23_6,Q5.24_1,Q5.24_2,Q5.24_3,Q5.24_4,Q5.24_5,Q5.24_6,Q5.25_1,Q5.25_2,Q5.25_3,Q5.25_4,Q5.25_5,Q5.25_6,Q5.26_1,Q5.26_2,Q5.26_3,Q5.26_4,Q5.26_5,Q5.26_6,Q5.27_1,Q5.27_2,Q5.27_3,Q5.27_4,Q5.27_5,Q5.27_6,Q5.28_1,Q5.28_2,Q5.28_3,Q5.28_4,Q5.28_5,Q5.28_6,Q5.29_1,Q5.29_2,Q5.29_3,Q5.29_4,Q5.29_5,Q5.29_6,Q5.30_1,Q5.30_2,Q5.30_3,Q5.30_4,Q5.30_5,Q5.30_6,Q5.31_1,Q5.31_2,Q5.31_3,Q5.31_4,Q5.31_5,Q5.31_6,Q5.32_1,Q5.32_2,Q5.32_3,Q5.32_4,Q5.32_5,Q5.32_6,Q5.33_1,Q5.33_2,Q5.33_3,Q5.33_4,Q5.33_5,Q5.33_6,Q5.34_1,Q5.34_2,Q5.34_3,Q5.34_4,Q5.34_5,Q5.34_6,Q5.35_1,Q5.35_2,Q5.35_3,Q5.35_4,Q5.35_5,Q5.35_6,Q5.36_1,Q5.36_2,Q5.36_3,Q5.36_4,Q5.36_5,Q5.36_6,Q5.37_1,Q5.37_2,Q5.37_3,Q5.37_4,Q5.37_5,Q5.37_6,Q5.38_1,Q5.38_2,Q5.38_3,Q5.38_4,Q5.38_5,Q5.38_6,Q5.39_1,Q5.39_2,Q5.39_3,Q5.39_4,Q5.39_5,Q5.39_6,Q5.40_1,Q5.40_2,Q5.40_3,Q5.40_4,Q5.40_5,Q5.40_6
開始日,終了日,回答タイプ,進行状況,時間（秒単位）,終了,回答ID,受信者のメールアドレス,外部データ参照,配信のチャンネル,ユーザーの言語,"アンケートの目的

本アンケートは、性格特性による文章の捉え方の傾向の違いを明らかにすることを目的としています。



アンケートの内容

以下の二つのアンケートに回答していただきます。

①性格に関する各項目に対して7段階で評価してください。

②各文章につき6つの項目が提示されていますので、各項目について5段階で評価してください。



アンケートの注意事項

・所要時間は30分程度です。

・本アンケートに回答する際は、アンケート内容に集中できるよう静かな環境で実施してください。

・他の人に相談することなく、直感でお答えください。
・全てに回答せずに途中でサイトを閉じた場合、回答は保存されません。時間に余裕を持って回答してください。



次のページから、オープンキャンパス用データ収集「性格特性と文章の捉え方についての調査」が始まります。 調査で収集された全てのデータが分析されます。分析によって得られた結果はオープンキャンパスの企画内容として公表されることがあります。アンケートに協力しないことが、直接的な不利益を生じさせることはありません。 上記に同意し、オープンキャンパス用データ収集「性格特性と文章の捉え方についての調査」に協力していただける方は、「同意し、調査に協力する」を選択し、次のページにお進みください。",各項目について、自身に当てはまるものを選択してください。(1:全く違うと思う、2:おおよそ違うと思う、3:少し違うと思う、4:どちらでもない、5:少しそう思う、6:まぁまぁそう思う、7:強くそう思う) - 活発、外交的だと思う。,各項目について、自身に当てはまるものを選択してください。(1:全く違うと思う、2:おおよそ違うと思う、3:少し違うと思う、4:どちらでもない、5:少しそう思う、6:まぁまぁそう思う、7:強くそう思う) - 他人に不満をもち、もめごとを起こしやすいと思う。,各項目について、自身に当てはまるものを選択してください。(1:全く違うと思う、2:おおよそ違うと思う、3:少し違うと思う、4:どちらでもない、5:少しそう思う、6:まぁまぁそう思う、7:強くそう思う) - しっかりしていて、自分に厳しいと思う。,各項目について、自身に当てはまるものを選択してください。(1:全く違うと思う、2:おおよそ違うと思う、3:少し違うと思う、4:どちらでもない、5:少しそう思う、6:まぁまぁそう思う、7:強くそう思う) - 心配性で、うろたえやすいと思う。,各項目について、自身に当てはまるものを選択してください。(1:全く違うと思う、2:おおよそ違うと思う、3:少し違うと思う、4:どちらでもない、5:少しそう思う、6:まぁまぁそう思う、7:強くそう思う) - 新しいことが好きで、変わった考えをもつと思う。,各項目について、自身に当てはまるものを選択してください。(1:全く違うと思う、2:おおよそ違うと思う、3:少し違うと思う、4:どちらでもない、5:少しそう思う、6:まぁまぁそう思う、7:強くそう思う) - ひかえめで、おとなしいと思う。,各項目について、自身に当てはまるものを選択してください。(1:全く違うと思う、2:おおよそ違うと思う、3:少し違うと思う、4:どちらでもない、5:少しそう思う、6:まぁまぁそう思う、7:強くそう思う) - 人に気をつかう、やさしい人間だと思う。,各項目について、自身に当てはまるものを選択してください。(1:全く違うと思う、2:おおよそ違うと思う、3:少し違うと思う、4:どちらでもない、5:少しそう思う、6:まぁまぁそう思う、7:強くそう思う) - だらしなく、うっかりしていると思う。,各項目について、自身に当てはまるものを選択してください。(1:全く違うと思う、2:おおよそ違うと思う、3:少し違うと思う、4:どちらでもない、5:少しそう思う、6:まぁまぁそう思う、7:強くそう思う) - 冷静で、気分が安定していると思う。,各項目について、自身に当てはまるものを選択してください。(1:全く違うと思う、2:おおよそ違うと思う、3:少し違うと思う、4:どちらでもない、5:少しそう思う、6:まぁまぁそう思う、7:強くそう思う) - 発想力に欠けた、平凡な人間だと思う。,本当に正しい証明は、 一分の隙もない完全な強固さとしなやかさが、 矛盾せず調和しているものなのだ - 感じが良い,本当に正しい証明は、 一分の隙もない完全な強固さとしなやかさが、 矛盾せず調和しているものなのだ - 上手い,本当に正しい証明は、 一分の隙もない完全な強固さとしなやかさが、 矛盾せず調和しているものなのだ - 明るい,本当に正しい証明は、 一分の隙もない完全な強固さとしなやかさが、 矛盾せず調和しているものなのだ - 疾走感がある,本当に正しい証明は、 一分の隙もない完全な強固さとしなやかさが、 矛盾せず調和しているものなのだ - かしこまっている,本当に正しい証明は、 一分の隙もない完全な強固さとしなやかさが、 矛盾せず調和しているものなのだ - 共感する,晴天というのは不思議なものだ。 こんなふうに、朝から雲一つない文句なしの晴天に恵まれていると、 それが最初から当たり前のように思えて、 すぐそのありがたみなど忘れてしまう。 - 感じが良い,晴天というのは不思議なものだ。 こんなふうに、朝から雲一つない文句なしの晴天に恵まれていると、 それが最初から当たり前のように思えて、 すぐそのありがたみなど忘れてしまう。 - 上手い,晴天というのは不思議なものだ。 こんなふうに、朝から雲一つない文句なしの晴天に恵まれていると、 それが最初から当たり前のように思えて、 すぐそのありがたみなど忘れてしまう。 - 明るい,晴天というのは不思議なものだ。 こんなふうに、朝から雲一つない文句なしの晴天に恵まれていると、 それが最初から当たり前のように思えて、 すぐそのありがたみなど忘れてしまう。 - 疾走感がある,晴天というのは不思議なものだ。 こんなふうに、朝から雲一つない文句なしの晴天に恵まれていると、 それが最初から当たり前のように思えて、 すぐそのありがたみなど忘れてしまう。 - かしこまっている,晴天というのは不思議なものだ。 こんなふうに、朝から雲一つない文句なしの晴天に恵まれていると、 それが最初から当たり前のように思えて、 すぐそのありがたみなど忘れてしまう。 - 共感する,かつて当たり前だったことが、 当たり前でなくなった時。 平凡につまずいた時。 人は手を合わせて、祈るのだろう。 - 感じが良い,かつて当たり前だったことが、 当たり前でなくなった時。 平凡につまずいた時。 人は手を合わせて、祈るのだろう。 - 上手い,かつて当たり前だったことが、 当たり前でなくなった時。 平凡につまずいた時。 人は手を合わせて、祈るのだろう。 - 明るい,かつて当たり前だったことが、 当たり前でなくなった時。 平凡につまずいた時。 人は手を合わせて、祈るのだろう。 - 疾走感がある,かつて当たり前だったことが、 当たり前でなくなった時。 平凡につまずいた時。 人は手を合わせて、祈るのだろう。 - かしこまっている,かつて当たり前だったことが、 当たり前でなくなった時。 平凡につまずいた時。 人は手を合わせて、祈るのだろう。 - 共感する,俺にとって残っている武器は、人を信頼することくらいなんだ - 感じが良い,俺にとって残っている武器は、人を信頼することくらいなんだ - 上手い,俺にとって残っている武器は、人を信頼することくらいなんだ - 明るい,俺にとって残っている武器は、人を信頼することくらいなんだ - 疾走感がある,俺にとって残っている武器は、人を信頼することくらいなんだ - かしこまっている,俺にとって残っている武器は、人を信頼することくらいなんだ - 共感する,なにかに本気で心を傾けたら、 期待値が高くなるのは当然だ。 愛する相手からの反応を、 なにも期待しないひとがいないように。 - 感じが良い,なにかに本気で心を傾けたら、 期待値が高くなるのは当然だ。 愛する相手からの反応を、 なにも期待しないひとがいないように。 - 上手い,なにかに本気で心を傾けたら、 期待値が高くなるのは当然だ。 愛する相手からの反応を、 なにも期待しないひとがいないように。 - 明るい,なにかに本気で心を傾けたら、 期待値が高くなるのは当然だ。 愛する相手からの反応を、 なにも期待しないひとがいないように。 - 疾走感がある,なにかに本気で心を傾けたら、 期待値が高くなるのは当然だ。 愛する相手からの反応を、 なにも期待しないひとがいないように。 - かしこまっている,なにかに本気で心を傾けたら、 期待値が高くなるのは当然だ。 愛する相手からの反応を、 なにも期待しないひとがいないように。 - 共感する,たとえ99人の馬鹿がいても、 正義を貫くひとりがいれば、 けっして間違った世の中にはならない。 そういう男がひとりもいなくなったときこそ、 日本は終わる - 感じが良い,たとえ99人の馬鹿がいても、 正義を貫くひとりがいれば、 けっして間違った世の中にはならない。 そういう男がひとりもいなくなったときこそ、 日本は終わる - 上手い,たとえ99人の馬鹿がいても、 正義を貫くひとりがいれば、 けっして間違った世の中にはならない。 そういう男がひとりもいなくなったときこそ、 日本は終わる - 明るい,たとえ99人の馬鹿がいても、 正義を貫くひとりがいれば、 けっして間違った世の中にはならない。 そういう男がひとりもいなくなったときこそ、 日本は終わる - 疾走感がある,たとえ99人の馬鹿がいても、 正義を貫くひとりがいれば、 けっして間違った世の中にはならない。 そういう男がひとりもいなくなったときこそ、 日本は終わる - かしこまっている,たとえ99人の馬鹿がいても、 正義を貫くひとりがいれば、 けっして間違った世の中にはならない。 そういう男がひとりもいなくなったときこそ、 日本は終わる - 共感する,戦を華やかなものとしか見ぬ者が、 実戦に耐えられるはずがない。 - 感じが良い,戦を華やかなものとしか見ぬ者が、 実戦に耐えられるはずがない。 - 上手い,戦を華やかなものとしか見ぬ者が、 実戦に耐えられるはずがない。 - 明るい,戦を華やかなものとしか見ぬ者が、 実戦に耐えられるはずがない。 - 疾走感がある,戦を華やかなものとしか見ぬ者が、 実戦に耐えられるはずがない。 - かしこまっている,戦を華やかなものとしか見ぬ者が、 実戦に耐えられるはずがない。 - 共感する,才というのは残酷なものだ。 ときに死地にその者を押しだす。 そんな才を持って生まれなければ、己の命を全うできただろうに、 なんと、哀しい奴じゃないか、と。 - 感じが良い,才というのは残酷なものだ。 ときに死地にその者を押しだす。 そんな才を持って生まれなければ、己の命を全うできただろうに、 なんと、哀しい奴じゃないか、と。 - 上手い,才というのは残酷なものだ。 ときに死地にその者を押しだす。 そんな才を持って生まれなければ、己の命を全うできただろうに、 なんと、哀しい奴じゃないか、と。 - 明るい,才というのは残酷なものだ。 ときに死地にその者を押しだす。 そんな才を持って生まれなければ、己の命を全うできただろうに、 なんと、哀しい奴じゃないか、と。 - 疾走感がある,才というのは残酷なものだ。 ときに死地にその者を押しだす。 そんな才を持って生まれなければ、己の命を全うできただろうに、 なんと、哀しい奴じゃないか、と。 - かしこまっている,才というのは残酷なものだ。 ときに死地にその者を押しだす。 そんな才を持って生まれなければ、己の命を全うできただろうに、 なんと、哀しい奴じゃないか、と。 - 共感する,この仕事に、正しいかどうかという基準はありません。 正しいという言葉には気をつけたほうがいい - 感じが良い,この仕事に、正しいかどうかという基準はありません。 正しいという言葉には気をつけたほうがいい - 上手い,この仕事に、正しいかどうかという基準はありません。 正しいという言葉には気をつけたほうがいい - 明るい,この仕事に、正しいかどうかという基準はありません。 正しいという言葉には気をつけたほうがいい - 疾走感がある,この仕事に、正しいかどうかという基準はありません。 正しいという言葉には気をつけたほうがいい - かしこまっている,この仕事に、正しいかどうかという基準はありません。 正しいという言葉には気をつけたほうがいい - 共感する,そんな奇跡が起きたらいいと、ずっと、願っている。 そんな奇跡が起きないことは、知っている。 - 感じが良い,そんな奇跡が起きたらいいと、ずっと、願っている。 そんな奇跡が起きないことは、知っている。 - 上手い,そんな奇跡が起きたらいいと、ずっと、願っている。 そんな奇跡が起きないことは、知っている。 - 明るい,そんな奇跡が起きたらいいと、ずっと、願っている。 そんな奇跡が起きないことは、知っている。 - 疾走感がある,そんな奇跡が起きたらいいと、ずっと、願っている。 そんな奇跡が起きないことは、知っている。 - かしこまっている,そんな奇跡が起きたらいいと、ずっと、願っている。 そんな奇跡が起きないことは、知っている。 - 共感する,本当に幸せなのは、 誰かと共に喜びを 紡いでいる時じゃない。 自分の知らない大きな未来へと バトンを渡す時だ。 - 感じが良い,本当に幸せなのは、 誰かと共に喜びを 紡いでいる時じゃない。 自分の知らない大きな未来へと バトンを渡す時だ。 - 上手い,本当に幸せなのは、 誰かと共に喜びを 紡いでいる時じゃない。 自分の知らない大きな未来へと バトンを渡す時だ。 - 明るい,本当に幸せなのは、 誰かと共に喜びを 紡いでいる時じゃない。 自分の知らない大きな未来へと バトンを渡す時だ。 - 疾走感がある,本当に幸せなのは、 誰かと共に喜びを 紡いでいる時じゃない。 自分の知らない大きな未来へと バトンを渡す時だ。 - かしこまっている,本当に幸せなのは、 誰かと共に喜びを 紡いでいる時じゃない。 自分の知らない大きな未来へと バトンを渡す時だ。 - 共感する,善良な人たちの好奇心を満たすために、 どんな悲劇も骨までしゃぶりつくされる。 - 感じが良い,善良な人たちの好奇心を満たすために、 どんな悲劇も骨までしゃぶりつくされる。 - 上手い,善良な人たちの好奇心を満たすために、 どんな悲劇も骨までしゃぶりつくされる。 - 明るい,善良な人たちの好奇心を満たすために、 どんな悲劇も骨までしゃぶりつくされる。 - 疾走感がある,善良な人たちの好奇心を満たすために、 どんな悲劇も骨までしゃぶりつくされる。 - かしこまっている,善良な人たちの好奇心を満たすために、 どんな悲劇も骨までしゃぶりつくされる。 - 共感する,狙撃兵に向かない奴がいる。 感情に流される奴、無駄口を叩く奴、目立ちたがる奴 ……それと、他人を頼りにする奴だ。 - 感じが良い,狙撃兵に向かない奴がいる。 感情に流される奴、無駄口を叩く奴、目立ちたがる奴 ……それと、他人を頼りにする奴だ。 - 上手い,狙撃兵に向かない奴がいる。 感情に流される奴、無駄口を叩く奴、目立ちたがる奴 ……それと、他人を頼りにする奴だ。 - 明るい,狙撃兵に向かない奴がいる。 感情に流される奴、無駄口を叩く奴、目立ちたがる奴 ……それと、他人を頼りにする奴だ。 - 疾走感がある,狙撃兵に向かない奴がいる。 感情に流される奴、無駄口を叩く奴、目立ちたがる奴 ……それと、他人を頼りにする奴だ。 - かしこまっている,狙撃兵に向かない奴がいる。 感情に流される奴、無駄口を叩く奴、目立ちたがる奴 ……それと、他人を頼りにする奴だ。 - 共感する,誰が許さないの? 自分の人生を生きることを、 他の誰かに許されたいの? - 感じが良い,誰が許さないの? 自分の人生を生きることを、 他の誰かに許されたいの? - 上手い,誰が許さないの? 自分の人生を生きることを、 他の誰かに許されたいの? - 明るい,誰が許さないの? 自分の人生を生きることを、 他の誰かに許されたいの? - 疾走感がある,誰が許さないの? 自分の人生を生きることを、 他の誰かに許されたいの? - かしこまっている,誰が許さないの? 自分の人生を生きることを、 他の誰かに許されたいの? - 共感する,いつか終わる人生。 その最後の日がくるまでに。 やりたいことをやってやってやり尽くして。 そうやって明日を迎えるんだ。 - 感じが良い,いつか終わる人生。 その最後の日がくるまでに。 やりたいことをやってやってやり尽くして。 そうやって明日を迎えるんだ。 - 上手い,いつか終わる人生。 その最後の日がくるまでに。 やりたいことをやってやってやり尽くして。 そうやって明日を迎えるんだ。 - 明るい,いつか終わる人生。 その最後の日がくるまでに。 やりたいことをやってやってやり尽くして。 そうやって明日を迎えるんだ。 - 疾走感がある,いつか終わる人生。 その最後の日がくるまでに。 やりたいことをやってやってやり尽くして。 そうやって明日を迎えるんだ。 - かしこまっている,いつか終わる人生。 その最後の日がくるまでに。 やりたいことをやってやってやり尽くして。 そうやって明日を迎えるんだ。 - 共感する,本物の夢ちゅうのはな、 自分と同じ痛みを持つ他者を救うことで、 自分を救うことなんやで。 - 感じが良い,本物の夢ちゅうのはな、 自分と同じ痛みを持つ他者を救うことで、 自分を救うことなんやで。 - 上手い,本物の夢ちゅうのはな、 自分と同じ痛みを持つ他者を救うことで、 自分を救うことなんやで。 - 明るい,本物の夢ちゅうのはな、 自分と同じ痛みを持つ他者を救うことで、 自分を救うことなんやで。 - 疾走感がある,本物の夢ちゅうのはな、 自分と同じ痛みを持つ他者を救うことで、 自分を救うことなんやで。 - かしこまっている,本物の夢ちゅうのはな、 自分と同じ痛みを持つ他者を救うことで、 自分を救うことなんやで。 - 共感する,たとえば僕達の声が花火を脅かすほど 大きければ何かが変わっただろうけど、 現実には途方もなく小さい。 聞こうとする人の耳にしか届かないのである。 - 感じが良い,たとえば僕達の声が花火を脅かすほど 大きければ何かが変わっただろうけど、 現実には途方もなく小さい。 聞こうとする人の耳にしか届かないのである。 - 上手い,たとえば僕達の声が花火を脅かすほど 大きければ何かが変わっただろうけど、 現実には途方もなく小さい。 聞こうとする人の耳にしか届かないのである。 - 明るい,たとえば僕達の声が花火を脅かすほど 大きければ何かが変わっただろうけど、 現実には途方もなく小さい。 聞こうとする人の耳にしか届かないのである。 - 疾走感がある,たとえば僕達の声が花火を脅かすほど 大きければ何かが変わっただろうけど、 現実には途方もなく小さい。 聞こうとする人の耳にしか届かないのである。 - かしこまっている,たとえば僕達の声が花火を脅かすほど 大きければ何かが変わっただろうけど、 現実には途方もなく小さい。 聞こうとする人の耳にしか届かないのである。 - 共感する,大学に行けるくらい利口だからって ぼくをからかっていいってことはないんだ - 感じが良い,大学に行けるくらい利口だからって ぼくをからかっていいってことはないんだ - 上手い,大学に行けるくらい利口だからって ぼくをからかっていいってことはないんだ - 明るい,大学に行けるくらい利口だからって ぼくをからかっていいってことはないんだ - 疾走感がある,大学に行けるくらい利口だからって ぼくをからかっていいってことはないんだ - かしこまっている,大学に行けるくらい利口だからって ぼくをからかっていいってことはないんだ - 共感する,絶望を感じるには、それぐらいの分量がちょうど手ごろだと思うわ - 感じが良い,絶望を感じるには、それぐらいの分量がちょうど手ごろだと思うわ - 上手い,絶望を感じるには、それぐらいの分量がちょうど手ごろだと思うわ - 明るい,絶望を感じるには、それぐらいの分量がちょうど手ごろだと思うわ - 疾走感がある,絶望を感じるには、それぐらいの分量がちょうど手ごろだと思うわ - かしこまっている,絶望を感じるには、それぐらいの分量がちょうど手ごろだと思うわ - 共感する,字には、それを書く人の人柄がそのまま出ると思い込んでいた。 けれど、それは間違いだった。 字が汚いから心も穢れていると考えるのは、 あまりに暴力的すぎる。 - 感じが良い,字には、それを書く人の人柄がそのまま出ると思い込んでいた。 けれど、それは間違いだった。 字が汚いから心も穢れていると考えるのは、 あまりに暴力的すぎる。 - 上手い,字には、それを書く人の人柄がそのまま出ると思い込んでいた。 けれど、それは間違いだった。 字が汚いから心も穢れていると考えるのは、 あまりに暴力的すぎる。 - 明るい,字には、それを書く人の人柄がそのまま出ると思い込んでいた。 けれど、それは間違いだった。 字が汚いから心も穢れていると考えるのは、 あまりに暴力的すぎる。 - 疾走感がある,字には、それを書く人の人柄がそのまま出ると思い込んでいた。 けれど、それは間違いだった。 字が汚いから心も穢れていると考えるのは、 あまりに暴力的すぎる。 - かしこまっている,字には、それを書く人の人柄がそのまま出ると思い込んでいた。 けれど、それは間違いだった。 字が汚いから心も穢れていると考えるのは、 あまりに暴力的すぎる。 - 共感する,人間の心のうち、 意識というのは 氷山の一角に過ぎない。 水面下にある無意識の方が、 はるかに広大なんだ。 だから、 自分自身の心の動きも、 なかなか理解することができない。 - 感じが良い,人間の心のうち、 意識というのは 氷山の一角に過ぎない。 水面下にある無意識の方が、 はるかに広大なんだ。 だから、 自分自身の心の動きも、 なかなか理解することができない。 - 上手い,人間の心のうち、 意識というのは 氷山の一角に過ぎない。 水面下にある無意識の方が、 はるかに広大なんだ。 だから、 自分自身の心の動きも、 なかなか理解することができない。 - 明るい,人間の心のうち、 意識というのは 氷山の一角に過ぎない。 水面下にある無意識の方が、 はるかに広大なんだ。 だから、 自分自身の心の動きも、 なかなか理解することができない。 - 疾走感がある,人間の心のうち、 意識というのは 氷山の一角に過ぎない。 水面下にある無意識の方が、 はるかに広大なんだ。 だから、 自分自身の心の動きも、 なかなか理解することができない。 - かしこまっている,人間の心のうち、 意識というのは 氷山の一角に過ぎない。 水面下にある無意識の方が、 はるかに広大なんだ。 だから、 自分自身の心の動きも、 なかなか理解することができない。 - 共感する,ものごとには 知るタイミング、 っていうのがあるの。 いったんそれを逃したら、 知らないままでいたほうが いいこともあるんじゃないかな。 少なくとも、 しかるべき次のタイミングが 来るまではね。 - 感じが良い,ものごとには 知るタイミング、 っていうのがあるの。 いったんそれを逃したら、 知らないままでいたほうが いいこともあるんじゃないかな。 少なくとも、 しかるべき次のタイミングが 来るまではね。 - 上手い,ものごとには 知るタイミング、 っていうのがあるの。 いったんそれを逃したら、 知らないままでいたほうが いいこともあるんじゃないかな。 少なくとも、 しかるべき次のタイミングが 来るまではね。 - 明るい,ものごとには 知るタイミング、 っていうのがあるの。 いったんそれを逃したら、 知らないままでいたほうが いいこともあるんじゃないかな。 少なくとも、 しかるべき次のタイミングが 来るまではね。 - 疾走感がある,ものごとには 知るタイミング、 っていうのがあるの。 いったんそれを逃したら、 知らないままでいたほうが いいこともあるんじゃないかな。 少なくとも、 しかるべき次のタイミングが 来るまではね。 - かしこまっている,ものごとには 知るタイミング、 っていうのがあるの。 いったんそれを逃したら、 知らないままでいたほうが いいこともあるんじゃないかな。 少なくとも、 しかるべき次のタイミングが 来るまではね。 - 共感する,まやかしの希望は、絶望よりも邪悪である - 感じが良い,まやかしの希望は、絶望よりも邪悪である - 上手い,まやかしの希望は、絶望よりも邪悪である - 明るい,まやかしの希望は、絶望よりも邪悪である - 疾走感がある,まやかしの希望は、絶望よりも邪悪である - かしこまっている,まやかしの希望は、絶望よりも邪悪である - 共感する,生きるに値しない世界で、生きるに値しない人間が生き延びている。 - 感じが良い,生きるに値しない世界で、生きるに値しない人間が生き延びている。 - 上手い,生きるに値しない世界で、生きるに値しない人間が生き延びている。 - 明るい,生きるに値しない世界で、生きるに値しない人間が生き延びている。 - 疾走感がある,生きるに値しない世界で、生きるに値しない人間が生き延びている。 - かしこまっている,生きるに値しない世界で、生きるに値しない人間が生き延びている。 - 共感する,愛情と憎悪は紙一重だ。 好きな女から無視されるぐらいならば、 いっそ嫌われたほうがましだった。 - 感じが良い,愛情と憎悪は紙一重だ。 好きな女から無視されるぐらいならば、 いっそ嫌われたほうがましだった。 - 上手い,愛情と憎悪は紙一重だ。 好きな女から無視されるぐらいならば、 いっそ嫌われたほうがましだった。 - 明るい,愛情と憎悪は紙一重だ。 好きな女から無視されるぐらいならば、 いっそ嫌われたほうがましだった。 - 疾走感がある,愛情と憎悪は紙一重だ。 好きな女から無視されるぐらいならば、 いっそ嫌われたほうがましだった。 - かしこまっている,愛情と憎悪は紙一重だ。 好きな女から無視されるぐらいならば、 いっそ嫌われたほうがましだった。 - 共感する,現代文学を信用しないというわけじゃないよ。 ただ俺は時の洗礼を受けてないものを読んで 貴重な時間を無駄に費したくないんだ。 人生は短い - 感じが良い,現代文学を信用しないというわけじゃないよ。 ただ俺は時の洗礼を受けてないものを読んで 貴重な時間を無駄に費したくないんだ。 人生は短い - 上手い,現代文学を信用しないというわけじゃないよ。 ただ俺は時の洗礼を受けてないものを読んで 貴重な時間を無駄に費したくないんだ。 人生は短い - 明るい,現代文学を信用しないというわけじゃないよ。 ただ俺は時の洗礼を受けてないものを読んで 貴重な時間を無駄に費したくないんだ。 人生は短い - 疾走感がある,現代文学を信用しないというわけじゃないよ。 ただ俺は時の洗礼を受けてないものを読んで 貴重な時間を無駄に費したくないんだ。 人生は短い - かしこまっている,現代文学を信用しないというわけじゃないよ。 ただ俺は時の洗礼を受けてないものを読んで 貴重な時間を無駄に費したくないんだ。 人生は短い - 共感する,想像力が足りない人ほど、他人に想像力を求める。 他の人間とは違う自分を、誰かに想像してほしくてたまらないのだ。 - 感じが良い,想像力が足りない人ほど、他人に想像力を求める。 他の人間とは違う自分を、誰かに想像してほしくてたまらないのだ。 - 上手い,想像力が足りない人ほど、他人に想像力を求める。 他の人間とは違う自分を、誰かに想像してほしくてたまらないのだ。 - 明るい,想像力が足りない人ほど、他人に想像力を求める。 他の人間とは違う自分を、誰かに想像してほしくてたまらないのだ。 - 疾走感がある,想像力が足りない人ほど、他人に想像力を求める。 他の人間とは違う自分を、誰かに想像してほしくてたまらないのだ。 - かしこまっている,想像力が足りない人ほど、他人に想像力を求める。 他の人間とは違う自分を、誰かに想像してほしくてたまらないのだ。 - 共感する,「俺はさっき泥棒のプロフェッショナルだと言ったよな」 「確かに」 「でもな、人生については誰もがアマチュアなんだよ。そうだろ？」 - 感じが良い,「俺はさっき泥棒のプロフェッショナルだと言ったよな」 「確かに」 「でもな、人生については誰もがアマチュアなんだよ。そうだろ？」 - 上手い,「俺はさっき泥棒のプロフェッショナルだと言ったよな」 「確かに」 「でもな、人生については誰もがアマチュアなんだよ。そうだろ？」 - 明るい,「俺はさっき泥棒のプロフェッショナルだと言ったよな」 「確かに」 「でもな、人生については誰もがアマチュアなんだよ。そうだろ？」 - 疾走感がある,「俺はさっき泥棒のプロフェッショナルだと言ったよな」 「確かに」 「でもな、人生については誰もがアマチュアなんだよ。そうだろ？」 - かしこまっている,「俺はさっき泥棒のプロフェッショナルだと言ったよな」 「確かに」 「でもな、人生については誰もがアマチュアなんだよ。そうだろ？」 - 共感する,その夜、私は単身で魅惑の大人世界へ乗りこんでみたいと思いました。 ようするに、先輩方へ遠慮することなく 無手勝流にお酒が飲みたかったのです。 - 感じが良い,その夜、私は単身で魅惑の大人世界へ乗りこんでみたいと思いました。 ようするに、先輩方へ遠慮することなく 無手勝流にお酒が飲みたかったのです。 - 上手い,その夜、私は単身で魅惑の大人世界へ乗りこんでみたいと思いました。 ようするに、先輩方へ遠慮することなく 無手勝流にお酒が飲みたかったのです。 - 明るい,その夜、私は単身で魅惑の大人世界へ乗りこんでみたいと思いました。 ようするに、先輩方へ遠慮することなく 無手勝流にお酒が飲みたかったのです。 - 疾走感がある,その夜、私は単身で魅惑の大人世界へ乗りこんでみたいと思いました。 ようするに、先輩方へ遠慮することなく 無手勝流にお酒が飲みたかったのです。 - かしこまっている,その夜、私は単身で魅惑の大人世界へ乗りこんでみたいと思いました。 ようするに、先輩方へ遠慮することなく 無手勝流にお酒が飲みたかったのです。 - 共感する,一日の価値は全部一緒なんだから、 何をしたかの差なんかで私の今日の価値は変わらない - 感じが良い,一日の価値は全部一緒なんだから、 何をしたかの差なんかで私の今日の価値は変わらない - 上手い,一日の価値は全部一緒なんだから、 何をしたかの差なんかで私の今日の価値は変わらない - 明るい,一日の価値は全部一緒なんだから、 何をしたかの差なんかで私の今日の価値は変わらない - 疾走感がある,一日の価値は全部一緒なんだから、 何をしたかの差なんかで私の今日の価値は変わらない - かしこまっている,一日の価値は全部一緒なんだから、 何をしたかの差なんかで私の今日の価値は変わらない - 共感する,いいか、人生とは、自分で書いた物語だ。 推敲と添削、自分次第で、 ハッピーエンドに書きかえられる - 感じが良い,いいか、人生とは、自分で書いた物語だ。 推敲と添削、自分次第で、 ハッピーエンドに書きかえられる - 上手い,いいか、人生とは、自分で書いた物語だ。 推敲と添削、自分次第で、 ハッピーエンドに書きかえられる - 明るい,いいか、人生とは、自分で書いた物語だ。 推敲と添削、自分次第で、 ハッピーエンドに書きかえられる - 疾走感がある,いいか、人生とは、自分で書いた物語だ。 推敲と添削、自分次第で、 ハッピーエンドに書きかえられる - かしこまっている,いいか、人生とは、自分で書いた物語だ。 推敲と添削、自分次第で、 ハッピーエンドに書きかえられる - 共感する,真夜中は、なぜこんなにもきれいなんだろうと思う。 それは、きっと、真夜中には世界が半分になるからですよと、 いつか三束さんが言ったことを、 わたしはこの真夜中を歩きながら思い出している。 - 感じが良い,真夜中は、なぜこんなにもきれいなんだろうと思う。 それは、きっと、真夜中には世界が半分になるからですよと、 いつか三束さんが言ったことを、 わたしはこの真夜中を歩きながら思い出している。 - 上手い,真夜中は、なぜこんなにもきれいなんだろうと思う。 それは、きっと、真夜中には世界が半分になるからですよと、 いつか三束さんが言ったことを、 わたしはこの真夜中を歩きながら思い出している。 - 明るい,真夜中は、なぜこんなにもきれいなんだろうと思う。 それは、きっと、真夜中には世界が半分になるからですよと、 いつか三束さんが言ったことを、 わたしはこの真夜中を歩きながら思い出している。 - 疾走感がある,真夜中は、なぜこんなにもきれいなんだろうと思う。 それは、きっと、真夜中には世界が半分になるからですよと、 いつか三束さんが言ったことを、 わたしはこの真夜中を歩きながら思い出している。 - かしこまっている,真夜中は、なぜこんなにもきれいなんだろうと思う。 それは、きっと、真夜中には世界が半分になるからですよと、 いつか三束さんが言ったことを、 わたしはこの真夜中を歩きながら思い出している。 - 共感する,好きって絶望だよね - 感じが良い,好きって絶望だよね - 上手い,好きって絶望だよね - 明るい,好きって絶望だよね - 疾走感がある,好きって絶望だよね - かしこまっている,好きって絶望だよね - 共感する,ぼくたちはすれ違ってない。端と端を結んだ輪になって、ひとつにつながってるんだ。二人でひとつの命なんだ - 感じが良い,ぼくたちはすれ違ってない。端と端を結んだ輪になって、ひとつにつながってるんだ。二人でひとつの命なんだ - 上手い,ぼくたちはすれ違ってない。端と端を結んだ輪になって、ひとつにつながってるんだ。二人でひとつの命なんだ - 明るい,ぼくたちはすれ違ってない。端と端を結んだ輪になって、ひとつにつながってるんだ。二人でひとつの命なんだ - 疾走感がある,ぼくたちはすれ違ってない。端と端を結んだ輪になって、ひとつにつながってるんだ。二人でひとつの命なんだ - かしこまっている,ぼくたちはすれ違ってない。端と端を結んだ輪になって、ひとつにつながってるんだ。二人でひとつの命なんだ - 共感する,夢だけ追っかけても飯は食っていけないし、 飯だけ食えても夢がなきゃつまらない - 感じが良い,夢だけ追っかけても飯は食っていけないし、 飯だけ食えても夢がなきゃつまらない - 上手い,夢だけ追っかけても飯は食っていけないし、 飯だけ食えても夢がなきゃつまらない - 明るい,夢だけ追っかけても飯は食っていけないし、 飯だけ食えても夢がなきゃつまらない - 疾走感がある,夢だけ追っかけても飯は食っていけないし、 飯だけ食えても夢がなきゃつまらない - かしこまっている,夢だけ追っかけても飯は食っていけないし、 飯だけ食えても夢がなきゃつまらない - 共感する,自業自得でない悲劇などありえない。 全く自分の所為ではない不幸が次々に襲い掛かってくる芝居があったら、 抱腹絶倒の大喜劇に違いない - 感じが良い,自業自得でない悲劇などありえない。 全く自分の所為ではない不幸が次々に襲い掛かってくる芝居があったら、 抱腹絶倒の大喜劇に違いない - 上手い,自業自得でない悲劇などありえない。 全く自分の所為ではない不幸が次々に襲い掛かってくる芝居があったら、 抱腹絶倒の大喜劇に違いない - 明るい,自業自得でない悲劇などありえない。 全く自分の所為ではない不幸が次々に襲い掛かってくる芝居があったら、 抱腹絶倒の大喜劇に違いない - 疾走感がある,自業自得でない悲劇などありえない。 全く自分の所為ではない不幸が次々に襲い掛かってくる芝居があったら、 抱腹絶倒の大喜劇に違いない - かしこまっている,自業自得でない悲劇などありえない。 全く自分の所為ではない不幸が次々に襲い掛かってくる芝居があったら、 抱腹絶倒の大喜劇に違いない - 共感する,ジョークは即興に限る、禍根を残せば嘘になる - 感じが良い,ジョークは即興に限る、禍根を残せば嘘になる - 上手い,ジョークは即興に限る、禍根を残せば嘘になる - 明るい,ジョークは即興に限る、禍根を残せば嘘になる - 疾走感がある,ジョークは即興に限る、禍根を残せば嘘になる - かしこまっている,ジョークは即興に限る、禍根を残せば嘘になる - 共感する,生きるということは、 嬉しいこと半分、 辛いこと半分のものなのですよ。 - 感じが良い,生きるということは、 嬉しいこと半分、 辛いこと半分のものなのですよ。 - 上手い,生きるということは、 嬉しいこと半分、 辛いこと半分のものなのですよ。 - 明るい,生きるということは、 嬉しいこと半分、 辛いこと半分のものなのですよ。 - 疾走感がある,生きるということは、 嬉しいこと半分、 辛いこと半分のものなのですよ。 - かしこまっている,生きるということは、 嬉しいこと半分、 辛いこと半分のものなのですよ。 - 共感する,しなければならないことがわかっているのにしようとしない。 望みを果たす方法がわかっているのに実行に移さない。 これを腰ぬけと言わずして何と言うんだ? - 感じが良い,しなければならないことがわかっているのにしようとしない。 望みを果たす方法がわかっているのに実行に移さない。 これを腰ぬけと言わずして何と言うんだ? - 上手い,しなければならないことがわかっているのにしようとしない。 望みを果たす方法がわかっているのに実行に移さない。 これを腰ぬけと言わずして何と言うんだ? - 明るい,しなければならないことがわかっているのにしようとしない。 望みを果たす方法がわかっているのに実行に移さない。 これを腰ぬけと言わずして何と言うんだ? - 疾走感がある,しなければならないことがわかっているのにしようとしない。 望みを果たす方法がわかっているのに実行に移さない。 これを腰ぬけと言わずして何と言うんだ? - かしこまっている,しなければならないことがわかっているのにしようとしない。 望みを果たす方法がわかっているのに実行に移さない。 これを腰ぬけと言わずして何と言うんだ? - 共感する,困ったことに、どういうわけか人間は、 自らにとって最悪のものを欲しがるくせがあるようじゃ - 感じが良い,困ったことに、どういうわけか人間は、 自らにとって最悪のものを欲しがるくせがあるようじゃ - 上手い,困ったことに、どういうわけか人間は、 自らにとって最悪のものを欲しがるくせがあるようじゃ - 明るい,困ったことに、どういうわけか人間は、 自らにとって最悪のものを欲しがるくせがあるようじゃ - 疾走感がある,困ったことに、どういうわけか人間は、 自らにとって最悪のものを欲しがるくせがあるようじゃ - かしこまっている,困ったことに、どういうわけか人間は、 自らにとって最悪のものを欲しがるくせがあるようじゃ - 共感する
"{""ImportId"":""startDate"",""timeZone"":""America/Denver""}","{""ImportId"":""endDate"",""timeZone"":""America/Denver""}","{""ImportId"":""status""}","{""ImportId"":""progress""}","{""ImportId"":""duration""}","{""ImportId"":""finished""}","{""ImportId"":""_recordId""}","{""ImportId"":""recipientEmail""}","{""ImportId"":""externalDataReference""}","{""ImportId"":""distributionChannel""}","{""ImportId"":""userLanguage""}","{""ImportId"":""QID67""}","{""ImportId"":""QID11_1""}","{""ImportId"":""QID11_2""}","{""ImportId"":""QID11_3""}","{""ImportId"":""QID11_4""}","{""ImportId"":""QID11_5""}","{""ImportId"":""QID11_6""}","{""ImportId"":""QID11_7""}","{""ImportId"":""QID11_8""}","{""ImportId"":""QID11_9""}","{""ImportId"":""QID11_10""}","{""ImportId"":""QID5_1""}","{""ImportId"":""QID5_2""}","{""ImportId"":""QID5_3""}","{""ImportId"":""QID5_4""}","{""ImportId"":""QID5_5""}","{""ImportId"":""QID5_6""}","{""ImportId"":""QID61_1""}","{""ImportId"":""QID61_2""}","{""ImportId"":""QID61_3""}","{""ImportId"":""QID61_4""}","{""ImportId"":""QID61_5""}","{""ImportId"":""QID61_6""}","{""ImportId"":""QID60_1""}","{""ImportId"":""QID60_2""}","{""ImportId"":""QID60_3""}","{""ImportId"":""QID60_4""}","{""ImportId"":""QID60_5""}","{""ImportId"":""QID60_6""}","{""ImportId"":""QID59_1""}","{""ImportId"":""QID59_2""}","{""ImportId"":""QID59_3""}","{""ImportId"":""QID59_4""}","{""ImportId"":""QID59_5""}","{""ImportId"":""QID59_6""}","{""ImportId"":""QID57_1""}","{""ImportId"":""QID57_2""}","{""ImportId"":""QID57_3""}","{""ImportId"":""QID57_4""}","{""ImportId"":""QID57_5""}","{""ImportId"":""QID57_6""}","{""ImportId"":""QID56_1""}","{""ImportId"":""QID56_2""}","{""ImportId"":""QID56_3""}","{""ImportId"":""QID56_4""}","{""ImportId"":""QID56_5""}","{""ImportId"":""QID56_6""}","{""ImportId"":""QID72_1""}","{""ImportId"":""QID72_2""}","{""ImportId"":""QID72_3""}","{""ImportId"":""QID72_4""}","{""ImportId"":""QID72_5""}","{""ImportId"":""QID72_6""}","{""ImportId"":""QID54_1""}","{""ImportId"":""QID54_2""}","{""ImportId"":""QID54_3""}","{""ImportId"":""QID54_4""}","{""ImportId"":""QID54_5""}","{""ImportId"":""QID54_6""}","{""ImportId"":""QID53_1""}","{""ImportId"":""QID53_2""}","{""ImportId"":""QID53_3""}","{""ImportId"":""QID53_4""}","{""ImportId"":""QID53_5""}","{""ImportId"":""QID53_6""}","{""ImportId"":""QID51_1""}","{""ImportId"":""QID51_2""}","{""ImportId"":""QID51_3""}","{""ImportId"":""QID51_4""}","{""ImportId"":""QID51_5""}","{""ImportId"":""QID51_6""}","{""ImportId"":""QID50_1""}","{""ImportId"":""QID50_2""}","{""ImportId"":""QID50_3""}","{""ImportId"":""QID50_4""}","{""ImportId"":""QID50_5""}","{""ImportId"":""QID50_6""}","{""ImportId"":""QID49_1""}","{""ImportId"":""QID49_2""}","{""ImportId"":""QID49_3""}","{""ImportId"":""QID49_4""}","{""ImportId"":""QID49_5""}","{""ImportId"":""QID49_6""}","{""ImportId"":""QID48_1""}","{""ImportId"":""QID48_2""}","{""ImportId"":""QID48_3""}","{""ImportId"":""QID48_4""}","{""ImportId"":""QID48_5""}","{""ImportId"":""QID48_6""}","{""ImportId"":""QID47_1""}","{""ImportId"":""QID47_2""}","{""ImportId"":""QID47_3""}","{""ImportId"":""QID47_4""}","{""ImportId"":""QID47_5""}","{""ImportId"":""QID47_6""}","{""ImportId"":""QID43_1""}","{""ImportId"":""QID43_2""}","{""ImportId"":""QID43_3""}","{""ImportId"":""QID43_4""}","{""ImportId"":""QID43_5""}","{""ImportId"":""QID43_6""}","{""ImportId"":""QID42_1""}","{""ImportId"":""QID42_2""}","{""ImportId"":""QID42_3""}","{""ImportId"":""QID42_4""}","{""ImportId"":""QID42_5""}","{""ImportId"":""QID42_6""}","{""ImportId"":""QID41_1""}","{""ImportId"":""QID41_2""}","{""ImportId"":""QID41_3""}","{""ImportId"":""QID41_4""}","{""ImportId"":""QID41_5""}","{""ImportId"":""QID41_6""}","{""ImportId"":""QID40_1""}","{""ImportId"":""QID40_2""}","{""ImportId"":""QID40_3""}","{""ImportId"":""QID40_4""}","{""ImportId"":""QID40_5""}","{""ImportId"":""QID40_6""}","{""ImportId"":""QID39_1""}","{""ImportId"":""QID39_2""}","{""ImportId"":""QID39_3""}","{""ImportId"":""QID39_4""}","{""ImportId"":""QID39_5""}","{""ImportId"":""QID39_6""}","{""ImportId"":""QID38_1""}","{""ImportId"":""QID38_2""}","{""ImportId"":""QID38_3""}","{""ImportId"":""QID38_4""}","{""ImportId"":""QID38_5""}","{""ImportId"":""QID38_6""}","{""ImportId"":""QID37_1""}","{""ImportId"":""QID37_2""}","{""ImportId"":""QID37_3""}","{""ImportId"":""QID37_4""}","{""ImportId"":""QID37_5""}","{""ImportId"":""QID37_6""}","{""ImportId"":""QID35_1""}","{""ImportId"":""QID35_2""}","{""ImportId"":""QID35_3""}","{""ImportId"":""QID35_4""}","{""ImportId"":""QID35_5""}","{""ImportId"":""QID35_6""}","{""ImportId"":""QID34_1""}","{""ImportId"":""QID34_2""}","{""ImportId"":""QID34_3""}","{""ImportId"":""QID34_4""}","{""ImportId"":""QID34_5""}","{""ImportId"":""QID34_6""}","{""ImportId"":""QID33_1""}","{""ImportId"":""QID33_2""}","{""ImportId"":""QID33_3""}","{""ImportId"":""QID33_4""}","{""ImportId"":""QID33_5""}","{""ImportId"":""QID33_6""}","{""ImportId"":""QID32_1""}","{""ImportId"":""QID32_2""}","{""ImportId"":""QID32_3""}","{""ImportId"":""QID32_4""}","{""ImportId"":""QID32_5""}","{""ImportId"":""QID32_6""}","{""ImportId"":""QID31_1""}","{""ImportId"":""QID31_2""}","{""ImportId"":""QID31_3""}","{""ImportId"":""QID31_4""}","{""ImportId"":""QID31_5""}","{""ImportId"":""QID31_6""}","{""ImportId"":""QID30_1""}","{""ImportId"":""QID30_2""}","{""ImportId"":""QID30_3""}","{""ImportId"":""QID30_4""}","{""ImportId"":""QID30_5""}","{""ImportId"":""QID30_6""}","{""ImportId"":""QID29_1""}","{""ImportId"":""QID29_2""}","{""ImportId"":""QID29_3""}","{""ImportId"":""QID29_4""}","{""ImportId"":""QID29_5""}","{""ImportId"":""QID29_6""}","{""ImportId"":""QID28_1""}","{""ImportId"":""QID28_2""}","{""ImportId"":""QID28_3""}","{""ImportId"":""QID28_4""}","{""ImportId"":""QID28_5""}","{""ImportId"":""QID28_6""}","{""ImportId"":""QID27_1""}","{""ImportId"":""QID27_2""}","{""ImportId"":""QID27_3""}","{""ImportId"":""QID27_4""}","{""ImportId"":""QID27_5""}","{""ImportId"":""QID27_6""}","{""ImportId"":""QID26_1""}","{""ImportId"":""QID26_2""}","{""ImportId"":""QID26_3""}","{""ImportId"":""QID26_4""}","{""ImportId"":""QID26_5""}","{""ImportId"":""QID26_6""}","{""ImportId"":""QID25_1""}","{""ImportId"":""QID25_2""}","{""ImportId"":""QID25_3""}","{""ImportId"":""QID25_4""}","{""ImportId"":""QID25_5""}","{""ImportId"":""QID25_6""}","{""ImportId"":""QID24_1""}","{""ImportId"":""QID24_2""}","{""ImportId"":""QID24_3""}","{""ImportId"":""QID24_4""}","{""ImportId"":""QID24_5""}","{""ImportId"":""QID24_6""}","{""ImportId"":""QID23_1""}","{""ImportId"":""QID23_2""}","{""ImportId"":""QID23_3""}","{""ImportId"":""QID23_4""}","{""ImportId"":""QID23_5""}","{""ImportId"":""QID23_6""}","{""ImportId"":""QID22_1""}","{""ImportId"":""QID22_2""}","{""ImportId"":""QID22_3""}","{""ImportId"":""QID22_4""}","{""ImportId"":""QID22_5""}","{""ImportId"":""QID22_6""}","{""ImportId"":""QID20_1""}","{""ImportId"":""QID20_2""}","{""ImportId"":""QID20_3""}","{""ImportId"":""QID20_4""}","{""ImportId"":""QID20_5""}","{""ImportId"":""QID20_6""}","{""ImportId"":""QID18_1""}","{""ImportId"":""QID18_2""}","{""ImportId"":""QID18_3""}","{""ImportId"":""QID18_4""}","{""ImportId"":""QID18_5""}","{""ImportId"":""QID18_6""}","{""ImportId"":""QID17_1""}","{""ImportId"":""QID17_2""}","{""ImportId"":""QID17_3""}","{""ImportId"":""QID17_4""}","{""ImportId"":""QID17_5""}","{""ImportId"":""QID17_6""}","{""ImportId"":""QID16_1""}","{""ImportId"":""QID16_2""}","{""ImportId"":""QID16_3""}","{""ImportId"":""QID16_4""}","{""ImportId"":""QID16_5""}","{""ImportId"":""QID16_6""}","{""ImportId"":""QID13_1""}","{""ImportId"":""QID13_2""}","{""ImportId"":""QID13_3""}","{""ImportId"":""QID13_4""}","{""ImportId"":""QID13_5""}","{""ImportId"":""QID13_6""}"
2024-07-11 01:19:07,2024-07-11 01:56:00,IPアドレス,100,2213,正,R_4pBHlZZlOE6DRiV,,,anonymous,EN,同意し、調査に協力する,5,1,4,2,5,3,4,4,4,4,3,3,2,3,3,3,3,2,3,3,3,3,3,2,2,2,3,3,3,3,2,2,3,2,3,2,2,2,3,3,2,2,3,2,2,2,2,2,2,2,3,2,2,3,2,2,3,2,3,3,2,2,3,3,2,3,2,2,3,3,3,3,3,3,3,3,2,2,2,2,3,2,2,2,2,2,3,2,2,2,2,2,2,2,3,3,3,2,3,2,2,3,2,2,1,3,2,3,2,2,2,3,2,2,2,2,2,2,2,2,2,2,2,2,2,2,2,2,2,3,3,2,2,2,3,2,2,3,2,2,2,2,2,2,2,2,2,2,2,2,2,2,3,2,2,2,2,2,2,2,2,3,2,3,3,2,2,3,2,2,2,2,2,3,2,2,2,2,3,2,3,3,2,2,2,3,3,2,2,2,3,3,3,3,2,3,3,3,3,3,2,2,2,2,2,2,2,2,3,3,3,3,2,3,2,3,2,2,3,2,2,2,2,2,2,2,2,2,2,2,2,2,2,3,2,2,2,3,2,2,2,2,2,2,2,2,2,2,2,2
2024-07-11 01:34:12,2024-07-11 02:03:20,IPアドレス,100,1748,正,R_4zCHnv2b5an1GDW,,,anonymous,EN,同意し、調査に協力する,5,3,5,5,6,2,6,7,6,3,3,3,3,4,4,3,3,2,2,1,3,3,3,4,2,2,3,2,2,4,1,4,1,2,3,4,2,1,2,3,3,3,1,2,3,2,1,3,1,3,3,2,2,1,2,2,2,2,3,4,2,4,3,3,2,4,2,3,1,4,4,3,3,2,3,3,3,2,1,2,3,4,3,4,2,3,1,3,2,3,2,3,3,3,3,2,2,1,2,3,3,3,4,2,1,3,2,4,2,3,3,4,3,3,2,3,1,3,1,3,1,3,1,3,3,2,2,2,3,4,3,4,3,2,3,4,3,2,4,3,1,3,2,3,2,3,3,4,2,3,1,3,3,3,3,3,4,3,3,4,2,3,2,3,1,3,2,4,1,2,3,2,3,3,4,3,1,1,3,2,3,2,1,3,3,4,4,3,2,4,3,4,4,3,2,3,3,1,3,2,2,1,3,4,2,3,1,3,3,4,3,3,2,4,3,4,3,3,3,4,3,4,3,4,2,4,2,4,2,3,3,4,4,3,4,3,3,4,1,3,3,2,3,3,3,4,2,3,3,4
2024-07-11 01:42:14,2024-07-11 02:03:22,IPアドレス,100,1268,正,R_4etmDFNZ0O2eU5c,,,anonymous,EN,同意し、調査に協力する,2,2,2,6,5,5,3,6,2,2,2,3,2,2,4,3,4,3,2,3,2,3,2,3,2,3,3,3,3,3,1,3,1,1,3,3,2,3,2,3,1,3,1,3,2,3,2,3,1,3,1,4,2,3,1,1,1,2,1,2,1,2,3,3,3,3,2,3,1,3,4,3,4,3,1,2,1,3,1,1,2,4,2,3,1,2,1,3,1,3,1,3,1,3,4,2,4,4,1,4,4,2,4,3,1,2,2,3,2,2,2,3,1,2,1,1,1,3,1,3,1,1,1,2,2,2,2,1,2,3,2,3,2,2,3,4,2,3,2,3,1,4,2,3,1,1,3,4,1,2,1,1,1,1,2,2,1,1,2,1,2,3,2,1,1,2,1,3,2,1,3,3,4,2,3,3,1,3,4,3,3,3,1,3,2,3,3,2,1,2,4,4,4,3,1,3,4,3,3,2,1,2,3,3,2,2,1,4,3,3,3,3,1,1,3,3,3,3,1,4,2,4,2,2,3,4,3,3,3,2,2,3,3,3,3,2,3,1,2,3,2,3,2,3,2,2,2,2,1,2
2024-07-11 01:34:41,2024-07-11 02:09:02,IPアドレス,100,2060,正,R_4uXTLrNfdlKetiN,,,anonymous,EN,同意し、調査に協力する,2,2,3,7,5,6,4,3,2,6,2,4,2,3,2,4,3,3,3,1,4,3,2,2,3,1,4,1,4,3,4,1,2,2,3,4,3,3,1,3,3,2,2,4,4,1,2,2,2,3,3,2,3,4,1,3,2,3,1,2,2,2,4,2,3,3,2,2,3,3,3,2,4,3,3,1,3,2,1,3,4,2,2,4,1,4,3,3,1,3,2,4,3,2,4,2,4,4,3,2,3,2,4,4,2,2,3,1,2,4,1,2,3,3,2,2,1,3,1,3,2,4,2,2,4,4,2,1,3,4,3,4,3,1,4,4,2,2,3,3,1,2,2,3,2,3,4,2,2,1,1,3,3,2,2,4,1,2,1,4,3,4,3,2,1,2,1,1,2,1,4,1,2,3,3,4,2,3,2,1,3,3,3,2,3,2,3,2,3,3,3,4,3,2,2,4,3,1,3,2,3,1,2,2,1,4,1,1,3,1,3,3,3,1,2,4,3,3,1,3,3,3,2,2,1,2,3,4,3,3,4,3,3,3,3,3,3,3,2,3,2,3,1,3,2,2,2,1,3,2
2024-07-11 06:32:05,2024-07-11 06:44:24,IPアドレス,100,739,正,R_4fBlcQUGbA9bVUm,,,anonymous,EN,同意し、調査に協力する,2,6,3,3,5,3,1,4,3,3,4,3,2,1,4,3,4,2,4,3,3,3,3,3,2,2,3,4,3,2,1,3,2,2,4,3,3,2,3,3,2,2,1,2,3,3,2,2,1,3,1,1,2,3,1,1,3,2,3,4,2,2,4,3,3,3,1,3,2,3,4,2,4,3,1,3,2,3,2,4,2,3,2,3,1,3,2,3,3,3,1,2,2,3,4,2,4,3,2,4,4,3,4,2,1,2,3,4,2,2,3,3,2,3,1,3,1,3,2,3,1,2,3,4,2,3,1,2,3,3,2,3,1,2,3,3,3,3,3,2,2,3,4,4,1,4,1,3,3,4,1,4,2,2,3,4,1,3,1,3,3,4,1,3,3,3,3,4,1,2,3,2,3,4,2,2,1,2,3,3,2,3,3,4,4,3,4,3,2,4,4,4,4,3,2,3,4,3,3,4,2,4,3,3,1,4,1,1,3,4,3,3,1,3,3,4,3,2,2,3,3,4,2,3,2,3,4,4,2,3,2,3,3,4,2,3,2,4,2,2,1,1,2,3,2,3,1,2,3,3
2024-07-11 08:09:05,2024-07-11 08:27:35,IPアドレス,100,1110,正,R_4BSsPU2NqThHH4l,,,anonymous,EN,同意し、調査に協力する,3,3,3,6,6,3,6,6,5,2,3,4,3,3,3,3,4,4,4,3,3,3,2,2,2,2,2,2,3,2,2,2,1,3,2,3,2,2,2,2,3,2,2,2,1,2,2,2,2,2,2,3,2,3,2,2,2,3,2,3,2,2,2,3,2,3,1,2,2,3,3,3,3,2,2,2,2,3,1,2,1,3,1,3,2,1,1,2,2,3,2,2,2,3,3,2,3,2,1,4,2,3,3,2,1,3,2,2,1,2,2,2,2,2,2,1,1,2,1,2,1,2,1,2,3,3,2,2,2,3,2,3,2,1,2,3,2,3,1,2,2,3,1,3,2,3,2,3,1,3,1,2,2,3,2,3,1,2,1,2,1,2,1,1,1,1,2,4,2,2,2,3,3,3,2,3,1,3,2,3,2,2,2,3,2,3,2,2,2,3,4,3,3,2,2,3,3,3,2,2,2,3,2,4,1,3,2,3,3,4,3,3,2,3,3,4,2,3,2,4,1,4,2,2,1,3,2,3,2,2,2,3,3,3,2,3,2,2,2,4,2,3,1,3,2,4,2,3,2,3
2024-07-11 07:25:48,2024-07-11 10:03:13,IPアドレス,100,9444,正,R_4FLqxOYCABMJQgN,,,anonymous,EN,同意し、調査に協力する,2,1,2,6,4,6,5,6,4,5,3,3,3,2,1,3,3,3,3,1,1,3,2,4,2,1,3,3,4,3,3,2,2,2,3,4,2,1,2,4,2,2,1,1,2,2,3,3,1,3,1,4,1,3,1,3,1,2,2,2,2,3,1,2,3,3,1,2,2,3,3,2,4,3,1,2,1,2,1,3,1,1,3,3,1,2,1,3,4,3,2,4,1,3,4,3,4,3,1,4,3,3,3,3,1,3,1,1,2,2,3,2,2,1,2,2,3,3,1,2,1,2,1,1,3,2,2,2,2,3,2,2,2,2,2,2,3,3,2,2,3,3,2,2,1,2,3,3,1,2,1,3,2,2,2,3,1,2,2,2,2,2,2,1,1,1,2,2,2,1,1,2,3,3,3,3,2,3,3,3,3,3,3,2,2,2,3,3,1,2,3,3,3,4,2,3,4,3,3,2,3,2,2,2,1,3,2,1,3,3,3,2,2,3,3,4,2,2,2,4,2,2,2,4,1,2,3,4,2,4,2,4,4,3,3,2,3,4,3,3,2,3,1,4,2,3,2,3,1,2
2024-07-11 22:12:32,2024-07-11 22:31:03,IPアドレス,100,1110,正,R_4FXs7OWxilpCGmR,,,anonymous,EN,同意し、調査に協力する,6,1,5,2,6,3,5,2,6,3,2,3,1,1,4,2,3,3,3,1,3,4,2,3,2,1,3,1,3,2,1,1,1,2,3,2,1,1,3,3,2,3,1,2,2,2,2,2,2,1,1,2,2,3,1,1,1,1,2,2,1,2,3,3,3,3,1,2,1,4,2,2,3,2,1,3,1,3,1,1,1,2,2,2,1,1,1,3,3,3,3,2,1,4,3,2,2,2,1,3,3,2,3,1,1,3,2,3,2,1,2,3,2,1,1,1,1,2,2,3,3,2,1,3,3,3,1,1,2,4,3,3,2,1,2,4,4,2,3,1,1,4,1,1,1,1,3,2,1,1,1,1,2,1,1,2,1,2,1,1,2,3,2,3,2,3,1,2,1,1,3,2,1,3,2,3,1,3,1,3,2,1,4,2,2,2,1,2,1,2,3,4,2,2,2,4,3,3,2,2,3,1,1,1,1,2,1,1,2,3,2,3,1,2,3,2,2,2,1,3,2,3,1,2,1,1,1,3,1,2,1,2,3,3,2,2,4,2,3,2,2,3,2,3,2,3,2,1,2,3
2024-07-12 03:41:52,2024-07-12 03:57:04,IPアドレス,100,911,正,R_4UJlXJu1SXruiop,,,anonymous,EN,同意し、調査に協力する,5,2,4,5,5,3,5,5,4,3,1,3,3,4,3,2,3,4,2,3,2,4,3,3,2,2,2,3,3,2,2,4,2,3,3,3,3,2,1,3,2,3,2,4,1,2,2,3,1,3,2,3,1,2,1,2,1,3,3,3,2,2,2,3,2,2,1,1,2,2,2,2,4,3,2,3,1,2,1,2,1,2,2,3,1,2,1,3,2,3,2,2,1,3,2,3,3,4,2,4,3,3,4,3,2,3,2,3,2,1,2,3,1,2,2,2,1,3,1,2,1,3,1,2,2,3,2,2,1,4,2,2,2,2,2,4,2,3,3,2,1,4,2,4,1,2,1,4,1,2,1,2,1,1,1,2,1,3,1,3,2,2,2,1,1,2,2,3,2,2,1,4,2,3,3,3,1,3,2,2,3,2,3,2,2,3,3,2,2,3,3,3,4,3,2,4,3,3,3,2,3,3,1,2,1,2,2,3,3,3,2,2,2,3,3,3,3,3,2,3,1,2,2,1,1,2,2,3,3,3,2,3,3,3,3,2,3,4,3,3,3,3,2,4,2,3,2,2,2,4
2024-07-12 03:57:10,2024-07-12 04:15:13,IPアドレス,100,1082,正,R_4eYrR7GCU32XSwh,,,anonymous,EN,同意し、調査に協力する,2,1,1,7,6,3,2,3,6,5,2,3,1,3,4,2,4,4,3,2,4,3,4,4,2,2,3,2,4,3,4,3,1,3,3,3,3,2,2,3,2,3,2,2,1,2,2,3,1,2,2,2,1,2,2,2,4,2,2,3,2,2,3,3,3,3,1,3,2,2,4,3,4,3,2,2,1,2,1,2,2,1,2,4,1,3,2,3,3,3,2,2,1,3,4,4,2,3,2,4,3,3,3,2,1,2,3,3,2,2,3,3,1,2,1,1,1,3,1,3,1,1,1,1,2,4,2,2,2,4,4,3,2,2,2,3,3,4,3,2,1,4,1,3,1,4,4,4,1,3,1,3,2,2,1,3,1,1,2,4,2,2,2,2,2,2,2,3,2,3,3,3,4,4,3,4,2,3,3,3,2,2,4,2,2,3,1,2,2,1,4,4,3,3,2,3,2,3,2,2,2,2,2,3,1,4,1,2,4,4,2,1,1,1,3,3,2,3,1,3,2,3,2,3,3,4,2,2,2,4,3,2,4,4,2,3,4,3,2,4,2,2,4,1,2,2,2,2,3,2
2024-07-12 05:29:27,2024-07-12 06:11:43,IPアドレス,100,2535,正,R_4irLrInzOCAdtG8,,,anonymous,EN,同意し、調査に協力する,5,2,6,6,2,2,5,2,6,3,2,3,1,2,4,2,3,3,3,2,1,3,1,2,2,1,3,1,2,3,1,3,1,2,2,4,3,4,1,4,1,2,1,2,2,1,1,3,1,3,3,3,1,2,1,2,2,3,1,4,2,3,4,3,1,3,2,1,1,1,2,2,3,4,1,2,1,1,1,2,2,3,1,2,1,2,3,3,3,3,2,3,2,4,4,4,4,4,1,4,3,3,4,4,1,3,1,4,2,2,2,3,2,4,2,3,2,4,1,2,1,3,1,1,2,2,1,2,2,2,3,4,2,4,2,4,3,4,3,4,1,4,1,3,2,2,3,4,1,1,1,2,4,1,2,3,1,2,1,3,1,1,2,2,2,1,2,3,2,3,2,4,2,4,2,4,1,2,2,1,3,4,1,3,1,1,1,1,3,1,4,4,3,4,1,4,3,3,4,2,3,2,1,1,1,1,1,1,4,3,3,4,1,4,2,3,2,2,3,3,2,2,2,3,2,2,2,3,2,2,3,3,2,4,2,3,3,4,2,3,2,3,2,4,2,4,1,2,2,4
2024-07-12 21:52:56,2024-07-12 22:14:59,IPアドレス,100,1323,正,R_402b35xk7fTrKAX,,,anonymous,EN,同意し、調査に協力する,6,1,2,6,5,3,5,3,5,4,3,3,2,3,2,4,2,4,2,2,1,4,2,2,1,2,2,3,3,1,2,2,1,1,2,3,2,2,2,2,1,2,2,2,2,1,1,2,1,1,1,2,1,2,1,2,1,2,2,2,1,2,3,2,1,2,1,1,2,2,3,3,3,2,2,2,2,2,1,2,1,1,2,2,2,3,1,2,2,3,2,2,2,3,3,2,3,2,2,3,3,2,3,2,1,2,2,3,1,2,2,3,2,3,2,2,2,2,2,3,1,2,2,2,1,1,2,2,2,3,2,3,2,1,2,3,3,3,2,1,1,4,3,3,2,2,2,2,1,3,1,2,2,2,1,3,2,1,1,3,3,2,3,2,1,2,2,3,1,2,2,3,2,2,2,3,1,1,3,2,2,3,4,2,2,2,3,2,1,2,3,3,4,2,2,2,2,3,2,2,1,4,2,3,1,3,2,2,3,2,4,2,2,2,2,3,2,3,2,3,2,3,2,2,2,2,3,3,2,3,2,2,3,2,2,2,3,3,3,3,2,2,1,3,2,3,2,2,1,3
2024-07-12 04:03:15,2024-07-12 23:27:06,IPアドレス,100,69830,正,R_4lSrXSzvUnGgx7Z,,,anonymous,EN,同意し、調査に協力する,5,2,4,1,6,2,7,3,5,2,3,2,3,3,1,4,4,3,3,3,1,3,2,1,3,1,1,1,2,2,3,2,1,3,2,1,2,2,2,1,2,1,1,1,1,1,2,3,2,2,1,2,2,1,3,1,2,1,3,4,4,2,1,4,2,4,4,3,1,3,3,3,3,4,1,3,1,1,2,1,1,1,4,4,4,4,1,4,3,3,3,4,1,3,4,4,4,4,1,4,2,2,3,2,1,1,3,3,3,3,1,3,2,1,2,1,1,2,2,2,2,1,1,2,3,3,2,1,1,2,3,3,3,3,1,3,3,3,3,3,1,3,1,1,1,1,1,1,4,4,3,4,1,3,3,3,3,3,2,3,3,3,3,2,1,3,3,4,4,4,3,4,2,1,1,1,1,2,2,2,2,1,1,2,3,2,2,2,1,2,4,4,3,3,1,3,4,4,4,4,1,4,2,3,3,3,1,3,4,4,4,4,1,4,4,4,4,4,1,4,3,2,3,2,1,3,3,3,3,3,1,4,3,4,4,4,1,4,4,3,4,4,1,4,2,2,2,2,1,2
2024-07-13 02:55:09,2024-07-13 03:27:05,IPアドレス,100,1915,正,R_4OZoMJrMbOk3GjN,,,anonymous,EN,同意し、調査に協力する,6,1,3,3,5,2,6,6,5,7,3,4,2,1,4,4,2,2,2,3,4,2,2,2,1,1,2,2,1,2,1,1,1,1,2,4,3,3,1,4,3,2,2,2,2,1,3,3,1,1,2,3,2,3,1,3,2,3,3,3,3,3,2,4,2,3,1,2,2,2,3,3,3,4,2,2,1,2,1,3,2,2,2,4,2,3,2,4,3,4,4,4,1,4,4,4,4,4,1,4,4,4,4,4,2,3,3,4,1,1,3,3,3,3,3,2,2,4,4,4,4,4,2,3,2,2,2,2,3,3,3,4,3,2,3,3,3,3,3,4,2,4,2,3,1,2,3,2,1,2,1,1,3,1,2,2,1,1,3,2,1,2,1,3,3,1,2,3,2,2,2,2,3,3,3,4,2,4,2,3,3,3,4,2,1,1,1,1,2,1,4,4,4,4,2,3,3,2,3,3,2,3,2,2,1,1,2,1,2,2,2,2,3,1,3,3,3,4,2,3,1,2,1,3,3,1,2,2,2,3,3,2,1,2,1,1,1,1,2,3,3,3,2,3,2,2,3,3,2,2
2024-07-13 08:03:00,2024-07-13 08:25:53,IPアドレス,100,1373,正,R_4imYSrd7XEKUw4G,,,anonymous,EN,同意し、調査に協力する,5,1,6,1,5,3,5,2,7,2,2,4,1,3,3,2,1,3,4,1,3,4,1,1,1,1,3,1,1,1,1,1,2,1,2,2,3,1,3,2,2,1,1,4,1,1,3,3,2,3,1,4,1,1,1,4,3,1,3,3,2,4,3,4,1,1,1,1,1,1,1,1,1,3,1,1,1,1,1,1,1,1,1,1,1,3,1,4,1,1,1,1,1,4,4,4,4,4,2,4,1,1,1,1,1,1,1,2,1,1,1,3,1,1,1,1,1,4,1,1,1,1,1,4,1,1,1,1,1,4,1,1,1,1,1,4,1,4,1,1,1,4,1,4,1,1,1,4,1,1,1,1,1,1,1,1,1,1,1,1,1,1,1,1,1,1,1,1,1,1,1,4,1,2,1,3,1,4,1,3,3,1,1,1,1,1,1,1,1,1,3,3,3,3,3,4,3,3,2,1,1,4,1,1,1,1,1,1,1,1,1,1,1,1,2,3,3,3,3,4,1,1,1,1,1,1,1,1,1,1,1,1,2,3,1,1,1,4,1,3,1,4,1,4,1,1,1,3,3,2
2024-07-14 00:58:13,2024-07-14 01:15:54,IPアドレス,100,1060,正,R_4P6IAROYhuf3I02,,,anonymous,EN,同意し、調査に協力する,4,2,4,2,4,4,5,3,5,4,3,4,2,3,3,4,2,4,3,4,2,4,2,1,2,2,3,2,3,2,2,2,4,4,2,4,2,3,2,3,1,2,1,2,4,1,3,4,2,2,2,4,3,4,1,3,3,3,3,4,2,1,2,4,1,2,1,3,2,1,3,3,4,2,3,4,2,4,2,3,3,4,2,2,1,3,2,2,2,2,2,3,2,2,3,3,2,4,2,4,3,4,2,4,1,3,2,4,2,3,2,4,4,3,2,4,1,4,2,1,2,3,3,1,4,4,3,4,1,4,4,4,3,4,2,4,2,4,3,3,2,4,2,2,1,4,3,3,2,2,1,3,1,2,2,2,1,3,1,1,3,2,4,3,1,4,3,4,3,4,2,4,2,4,3,3,2,1,3,2,3,2,3,3,1,2,1,3,3,2,4,4,4,4,2,4,3,2,3,4,2,3,3,4,2,4,4,4,3,4,3,2,2,4,4,3,2,3,1,4,4,4,2,3,1,4,3,4,3,4,4,3,3,3,4,3,2,4,2,4,3,3,1,4,2,1,2,1,3,2
2024-07-16 03:11:17,2024-07-16 03:37:06,IPアドレス,100,1549,正,R_4xzcfyrUBEy1pAt,,,anonymous,EN,同意し、調査に協力する,5,3,3,6,5,2,5,4,2,2,2,2,2,2,3,2,2,2,4,2,2,1,1,1,1,1,2,1,2,1,1,2,1,1,2,2,2,1,2,3,1,1,1,2,2,1,2,3,2,3,2,2,2,2,1,2,2,2,2,2,2,1,3,3,2,3,1,2,2,2,3,3,3,3,3,1,1,3,1,3,1,3,3,4,2,4,1,3,1,3,1,3,1,2,1,1,1,3,1,2,2,2,1,1,1,2,2,4,1,3,3,3,2,2,1,3,2,4,1,2,1,2,2,1,2,2,1,3,2,3,3,3,3,3,3,3,2,3,2,3,2,3,1,3,1,3,2,2,1,2,1,2,2,1,2,3,1,2,2,1,1,2,1,3,2,1,1,1,1,3,3,2,3,3,3,3,2,3,2,2,2,3,4,2,2,1,2,2,2,1,3,2,4,3,2,3,3,1,3,3,3,1,1,2,1,3,2,1,2,2,2,3,2,1,2,3,2,3,2,3,1,2,1,3,2,1,3,3,3,4,2,3,2,2,2,2,3,1,1,2,1,3,1,1,2,3,1,3,1,1
2024-07-16 05:18:19,2024-07-16 05:42:41,IPアドレス,100,1461,正,R_4KjdNUC5Taa3mF2,,,anonymous,EN,同意し、調査に協力する,2,3,1,2,6,6,2,7,2,3,3,2,1,1,3,1,3,3,1,1,3,4,4,3,1,1,2,1,3,3,1,1,1,4,3,2,1,1,2,4,2,1,1,1,1,1,2,1,1,1,1,1,3,4,1,1,1,3,4,2,1,1,1,4,4,2,1,1,1,4,2,2,2,1,1,1,3,2,1,1,1,3,3,2,1,1,1,1,1,3,1,1,1,1,4,2,1,1,1,3,3,2,1,1,1,2,2,3,1,1,1,3,2,2,1,1,1,1,2,3,1,1,1,2,3,3,1,1,1,4,2,2,1,1,1,2,3,2,1,1,1,4,3,1,1,1,1,4,1,1,1,1,1,1,2,2,1,1,1,1,1,2,1,1,1,1,3,2,1,1,1,1,1,1,1,1,1,1,1,1,1,1,1,1,3,1,1,1,1,1,1,2,1,1,1,3,4,3,1,1,1,3,1,1,1,1,1,1,2,3,1,1,1,1,2,2,1,1,1,1,1,2,1,1,1,1,1,2,1,1,1,1,2,2,1,1,1,2,2,2,1,1,1,1,3,2,1,1,1,3
2024-07-18 00:04:23,2024-07-18 00:39:53,IPアドレス,100,2130,正,R_4yeYhJrT9ZeMZE7,,,anonymous,EN,同意し、調査に協力する,3,3,4,5,4,4,5,2,2,6,2,3,2,3,4,3,3,3,3,2,3,3,3,3,2,1,2,3,3,3,3,2,1,2,3,2,2,2,2,2,2,2,3,2,2,2,3,3,1,3,3,3,3,3,2,2,2,2,2,3,2,2,2,3,3,2,2,2,2,2,3,3,4,2,2,2,2,2,1,1,2,2,2,2,1,3,2,2,2,3,2,1,1,3,3,3,3,2,2,4,2,2,3,2,1,2,3,3,2,2,2,4,2,2,2,1,1,3,1,1,1,1,1,1,3,3,2,2,2,3,3,3,2,2,2,4,3,3,3,2,1,4,2,4,1,1,2,3,1,1,1,1,2,1,2,3,3,3,2,1,2,3,3,3,1,2,3,3,2,2,3,2,2,2,3,3,1,1,3,3,2,2,2,1,2,1,2,1,1,1,3,3,3,3,2,4,4,3,3,1,2,2,2,2,2,1,1,2,3,3,3,1,1,2,2,3,2,2,1,3,2,3,2,3,2,2,2,3,2,2,1,2,3,3,2,1,3,3,2,2,2,3,2,2,3,3,3,2,2,2
